<application>
  <component name="FeatureSuggesterSettings">
    <option name="workingDays">
      <list>
        <option value="1651961847935" />
        <option value="1652028260203" />
        <option value="1652147446681" />
        <option value="1652240711759" />
        <option value="1652319467276" />
        <option value="1652370808493" />
        <option value="1652484177027" />
        <option value="1652557739831" />
        <option value="1652639698077" />
        <option value="1652716472481" />
        <option value="1653065782996" />
        <option value="1653174981619" />
        <option value="1653256265646" />
        <option value="1653325222349" />
        <option value="1653439821462" />
        <option value="1653527820614" />
        <option value="1653618787270" />
        <option value="1653693856819" />
        <option value="1653780858949" />
        <option value="1653961713077" />
        <option value="1654055053599" />
        <option value="1654216791596" />
        <option value="1654319184638" />
        <option value="1654380954218" />
        <option value="1654468127615" />
        <option value="1654653604970" />
        <option value="1654728542974" />
        <option value="1654877770134" />
        <option value="1654985258967" />
        <option value="1655060865227" />
      </list>
    </option>
  </component>
</application>