<keymap version="1" name="GNOME copy" parent="Default for GNOME">
  <action id="ContextHelp" />
  <action id="CopyElement" />
  <action id="EditorChooseLookupItem">
    <keyboard-shortcut first-keystroke="enter" />
    <keyboard-shortcut first-keystroke="tab" />
  </action>
  <action id="EditorChooseLookupItemReplace" />
  <action id="EditorCreateRectangularSelectionOnMouseDrag">
    <mouse-shortcut keystroke="alt button1" />
  </action>
  <action id="EditorPasteFromX11" />
  <action id="GotoDeclaration">
    <keyboard-shortcut first-keystroke="ctrl b" />
    <mouse-shortcut keystroke="control button1" />
    <mouse-shortcut keystroke="button2" />
    <keyboard-shortcut first-keystroke="f5" />
  </action>
  <action id="GotoNextError">
    <keyboard-shortcut first-keystroke="f2" />
    <keyboard-shortcut first-keystroke="f1" />
  </action>
  <action id="RenameElement">
    <keyboard-shortcut first-keystroke="shift f6" />
    <keyboard-shortcut first-keystroke="shift ctrl r" />
  </action>
  <action id="ReplaceInPath" />
</keymap>